-- =========================================================
-- BASE DE DATOS: CableBI / DataCable
-- PostgreSQL - Script para pgAdmin
-- =========================================================

DROP SCHEMA IF EXISTS cablebi CASCADE;
CREATE SCHEMA cablebi;
SET search_path TO cablebi;

-- =========================================================
-- 1. TABLAS DE SEGURIDAD
-- =========================================================

CREATE TABLE roles (
    id_rol INT GENERATED BY DEFAULT AS IDENTITY PRIMARY KEY,
    nombre_rol VARCHAR(50) NOT NULL UNIQUE,
    descripcion TEXT
);

CREATE TABLE usuarios (
    id_usuario INT GENERATED BY DEFAULT AS IDENTITY PRIMARY KEY,
    id_rol INT NOT NULL,
    nombres VARCHAR(100) NOT NULL,
    apellidos VARCHAR(100) NOT NULL,
    usuario VARCHAR(50) NOT NULL UNIQUE,
    email VARCHAR(100) NOT NULL UNIQUE,
    password_hash TEXT NOT NULL,
    estado VARCHAR(20) NOT NULL DEFAULT 'activo',
    fecha_creacion TIMESTAMP NOT NULL DEFAULT CURRENT_TIMESTAMP,

    CONSTRAINT fk_usuario_rol
        FOREIGN KEY (id_rol) REFERENCES roles(id_rol),

    CONSTRAINT chk_usuario_estado
        CHECK (estado IN ('activo', 'inactivo'))
);

-- =========================================================
-- 2. TABLAS MAESTRAS
-- =========================================================

CREATE TABLE sedes (
    id_sede INT GENERATED BY DEFAULT AS IDENTITY PRIMARY KEY,
    nombre_sede VARCHAR(100) NOT NULL,
    ciudad VARCHAR(100) NOT NULL,
    provincia VARCHAR(100),
    region VARCHAR(100) NOT NULL,
    direccion VARCHAR(150) NOT NULL,
    telefono VARCHAR(20),
    es_expansion BOOLEAN NOT NULL DEFAULT FALSE,
    estado VARCHAR(20) NOT NULL DEFAULT 'activo',

    CONSTRAINT chk_sede_estado
        CHECK (estado IN ('activo', 'inactivo'))
);

CREATE TABLE clientes (
    id_cliente INT GENERATED BY DEFAULT AS IDENTITY PRIMARY KEY,
    id_sede INT,
    dni VARCHAR(15) NOT NULL UNIQUE,
    nombres VARCHAR(80) NOT NULL,
    apellidos VARCHAR(80) NOT NULL,
    telefono VARCHAR(20),
    email VARCHAR(100) UNIQUE,
    direccion VARCHAR(150),
    tipo_cliente VARCHAR(20) NOT NULL DEFAULT 'natural',
    fecha_registro DATE NOT NULL DEFAULT CURRENT_DATE,
    estado VARCHAR(20) NOT NULL DEFAULT 'activo',

    CONSTRAINT fk_cliente_sede
        FOREIGN KEY (id_sede) REFERENCES sedes(id_sede),

    CONSTRAINT chk_cliente_tipo
        CHECK (tipo_cliente IN ('natural', 'juridico')),

    CONSTRAINT chk_cliente_estado
        CHECK (estado IN ('activo', 'inactivo'))
);

CREATE TABLE planes (
    id_plan INT GENERATED BY DEFAULT AS IDENTITY PRIMARY KEY,
    nombre_plan VARCHAR(100) NOT NULL,
    tipo_servicio VARCHAR(30) NOT NULL,
    categoria_comercial VARCHAR(30) NOT NULL,
    velocidad_mbps INT NOT NULL,
    precio_mensual NUMERIC(10,2) NOT NULL,
    estado VARCHAR(20) NOT NULL DEFAULT 'activo',

    CONSTRAINT chk_plan_servicio
        CHECK (tipo_servicio IN ('cable', 'internet', 'combo')),

    CONSTRAINT chk_plan_categoria
        CHECK (categoria_comercial IN (
            'basico',
            'estandar',
            'plus',
            'premium',
            'empresarial',
            'corporativo'
        )),

    CONSTRAINT chk_plan_estado
        CHECK (estado IN ('activo', 'inactivo')),

    CONSTRAINT chk_plan_velocidad
        CHECK (velocidad_mbps > 0),

    CONSTRAINT chk_plan_precio
        CHECK (precio_mensual >= 0)
);

CREATE TABLE segmentos_kmeans (
    id_segmento INT GENERATED BY DEFAULT AS IDENTITY PRIMARY KEY,
    cluster_kmeans INT NOT NULL UNIQUE,
    nombre_segmento VARCHAR(80) NOT NULL,
    descripcion TEXT,
    estrategia_marketing TEXT,

    CONSTRAINT chk_cluster_kmeans
        CHECK (cluster_kmeans BETWEEN 1 AND 4)
);

-- =========================================================
-- 3. TABLAS TRANSACCIONALES
-- =========================================================

CREATE TABLE contratos (
    id_contrato INT GENERATED BY DEFAULT AS IDENTITY PRIMARY KEY,
    id_cliente INT NOT NULL,
    id_sede INT NOT NULL,
    id_plan INT NOT NULL,
    fecha_inicio DATE NOT NULL,
    fecha_fin DATE,
    estado VARCHAR(20) NOT NULL DEFAULT 'activo',
    observacion TEXT,

    CONSTRAINT fk_contrato_cliente
        FOREIGN KEY (id_cliente) REFERENCES clientes(id_cliente),

    CONSTRAINT fk_contrato_sede
        FOREIGN KEY (id_sede) REFERENCES sedes(id_sede),

    CONSTRAINT fk_contrato_plan
        FOREIGN KEY (id_plan) REFERENCES planes(id_plan),

    CONSTRAINT chk_contrato_estado
        CHECK (estado IN ('activo', 'suspendido', 'cancelado', 'inactivo')),

    CONSTRAINT chk_contrato_fechas
        CHECK (fecha_fin IS NULL OR fecha_fin >= fecha_inicio)
);

CREATE TABLE pagos (
    id_pago INT GENERATED BY DEFAULT AS IDENTITY PRIMARY KEY,
    id_contrato INT NOT NULL,
    fecha_emision DATE NOT NULL DEFAULT CURRENT_DATE,
    fecha_pago DATE,
    monto NUMERIC(10,2) NOT NULL,
    metodo_pago VARCHAR(30),
    referencia VARCHAR(100),
    estado VARCHAR(20) NOT NULL DEFAULT 'pendiente',

    CONSTRAINT fk_pago_contrato
        FOREIGN KEY (id_contrato) REFERENCES contratos(id_contrato),

    CONSTRAINT chk_pago_monto
        CHECK (monto >= 0),

    CONSTRAINT chk_pago_estado
        CHECK (estado IN ('pagado', 'pendiente', 'vencido', 'anulado')),

    CONSTRAINT chk_pago_metodo
        CHECK (
            metodo_pago IS NULL OR metodo_pago IN (
                'efectivo',
                'transferencia',
                'yape',
                'plin',
                'tarjeta',
                'deposito'
            )
        )
);

CREATE TABLE incidencias (
    id_incidencia INT GENERATED BY DEFAULT AS IDENTITY PRIMARY KEY,
    id_cliente INT NOT NULL,
    id_contrato INT NOT NULL,
    id_sede INT NOT NULL,
    fecha_reporte TIMESTAMP NOT NULL DEFAULT CURRENT_TIMESTAMP,
    tipo_incidencia VARCHAR(50) NOT NULL,
    descripcion TEXT NOT NULL,
    prioridad VARCHAR(20) NOT NULL DEFAULT 'media',
    estado VARCHAR(20) NOT NULL DEFAULT 'registrada',
    fecha_resolucion TIMESTAMP,

    CONSTRAINT fk_incidencia_cliente
        FOREIGN KEY (id_cliente) REFERENCES clientes(id_cliente),

    CONSTRAINT fk_incidencia_contrato
        FOREIGN KEY (id_contrato) REFERENCES contratos(id_contrato),

    CONSTRAINT fk_incidencia_sede
        FOREIGN KEY (id_sede) REFERENCES sedes(id_sede),

    CONSTRAINT chk_incidencia_prioridad
        CHECK (prioridad IN ('baja', 'media', 'alta', 'critica')),

    CONSTRAINT chk_incidencia_estado
        CHECK (estado IN ('registrada', 'en_proceso', 'resuelta', 'cerrada')),

    CONSTRAINT chk_incidencia_fechas
        CHECK (fecha_resolucion IS NULL OR fecha_resolucion >= fecha_reporte)
);

CREATE TABLE encuestas_satisfaccion (
    id_encuesta INT GENERATED BY DEFAULT AS IDENTITY PRIMARY KEY,
    id_cliente INT NOT NULL,
    id_contrato INT NOT NULL,
    fecha_encuesta DATE NOT NULL DEFAULT CURRENT_DATE,
    puntaje INT NOT NULL,
    comentario TEXT,

    CONSTRAINT fk_encuesta_cliente
        FOREIGN KEY (id_cliente) REFERENCES clientes(id_cliente),

    CONSTRAINT fk_encuesta_contrato
        FOREIGN KEY (id_contrato) REFERENCES contratos(id_contrato),

    CONSTRAINT chk_encuesta_puntaje
        CHECK (puntaje BETWEEN 1 AND 5)
);

-- =========================================================
-- 4. TABLAS PARA MACHINE LEARNING
-- =========================================================

CREATE TABLE cliente_segmentacion (
    id_cliente_segmentacion INT GENERATED BY DEFAULT AS IDENTITY PRIMARY KEY,
    id_cliente INT NOT NULL,
    id_segmento INT NOT NULL,
    fecha_segmentacion TIMESTAMP NOT NULL DEFAULT CURRENT_TIMESTAMP,
    algoritmo VARCHAR(50) NOT NULL DEFAULT 'K-Means',
    observacion TEXT,

    CONSTRAINT fk_segmentacion_cliente
        FOREIGN KEY (id_cliente) REFERENCES clientes(id_cliente),

    CONSTRAINT fk_segmentacion_segmento
        FOREIGN KEY (id_segmento) REFERENCES segmentos_kmeans(id_segmento)
);

CREATE TABLE predicciones_churn (
    id_prediccion INT GENERATED BY DEFAULT AS IDENTITY PRIMARY KEY,
    id_cliente INT NOT NULL,
    fecha_prediccion TIMESTAMP NOT NULL DEFAULT CURRENT_TIMESTAMP,
    probabilidad_churn NUMERIC(5,2) NOT NULL,
    nivel_riesgo VARCHAR(20) NOT NULL,
    algoritmo VARCHAR(50) NOT NULL DEFAULT 'Random Forest',
    recomendacion TEXT,

    CONSTRAINT fk_churn_cliente
        FOREIGN KEY (id_cliente) REFERENCES clientes(id_cliente),

    CONSTRAINT chk_churn_probabilidad
        CHECK (probabilidad_churn BETWEEN 0 AND 100),

    CONSTRAINT chk_churn_riesgo
        CHECK (nivel_riesgo IN ('bajo', 'medio', 'alto'))
);

-- =========================================================
-- 5. REPORTES Y AUDITORÍA
-- =========================================================

CREATE TABLE reportes_exportados (
    id_reporte INT GENERATED BY DEFAULT AS IDENTITY PRIMARY KEY,
    id_usuario INT NOT NULL,
    tipo_reporte VARCHAR(80) NOT NULL,
    formato VARCHAR(20) NOT NULL,
    fecha_exportacion TIMESTAMP NOT NULL DEFAULT CURRENT_TIMESTAMP,
    filtros JSONB,

    CONSTRAINT fk_reporte_usuario
        FOREIGN KEY (id_usuario) REFERENCES usuarios(id_usuario),

    CONSTRAINT chk_reporte_formato
        CHECK (formato IN ('pdf', 'excel'))
);

CREATE TABLE auditoria (
    id_auditoria INT GENERATED BY DEFAULT AS IDENTITY PRIMARY KEY,
    id_usuario INT,
    tabla_afectada VARCHAR(80) NOT NULL,
    accion VARCHAR(20) NOT NULL,
    registro_id INT,
    datos_anteriores JSONB,
    datos_nuevos JSONB,
    fecha_accion TIMESTAMP NOT NULL DEFAULT CURRENT_TIMESTAMP,

    CONSTRAINT fk_auditoria_usuario
        FOREIGN KEY (id_usuario) REFERENCES usuarios(id_usuario),

    CONSTRAINT chk_auditoria_accion
        CHECK (accion IN ('INSERT', 'UPDATE', 'DELETE', 'LOGIN', 'EXPORT'))
);

-- =========================================================
-- 6. ÍNDICES
-- =========================================================

CREATE INDEX idx_clientes_estado ON clientes(estado);
CREATE INDEX idx_clientes_sede ON clientes(id_sede);
CREATE INDEX idx_contratos_cliente ON contratos(id_cliente);
CREATE INDEX idx_contratos_sede ON contratos(id_sede);
CREATE INDEX idx_contratos_estado ON contratos(estado);
CREATE INDEX idx_pagos_contrato ON pagos(id_contrato);
CREATE INDEX idx_pagos_estado ON pagos(estado);
CREATE INDEX idx_pagos_fecha ON pagos(fecha_emision);
CREATE INDEX idx_incidencias_sede ON incidencias(id_sede);
CREATE INDEX idx_incidencias_estado ON incidencias(estado);
CREATE INDEX idx_incidencias_fecha ON incidencias(fecha_reporte);
CREATE INDEX idx_churn_cliente ON predicciones_churn(id_cliente);

-- =========================================================
-- 7. VISTAS PARA DASHBOARD Y KPIs
-- =========================================================

CREATE OR REPLACE VIEW v_dashboard_general AS
SELECT
    (SELECT COUNT(DISTINCT co.id_cliente)
     FROM contratos co
     WHERE co.estado = 'activo') AS clientes_activos,

    (SELECT COALESCE(SUM(p.monto), 0)
     FROM pagos p
     WHERE p.estado = 'pagado'
       AND DATE_TRUNC('month', p.fecha_pago) = DATE_TRUNC('month', CURRENT_DATE)) AS ingresos_mensuales,

    (SELECT COUNT(*)
     FROM incidencias i
     WHERE DATE_TRUNC('month', i.fecha_reporte) = DATE_TRUNC('month', CURRENT_DATE)) AS reclamos_mes,

    (SELECT ROUND(AVG(e.puntaje)::NUMERIC, 2)
     FROM encuestas_satisfaccion e
     WHERE DATE_TRUNC('month', e.fecha_encuesta) = DATE_TRUNC('month', CURRENT_DATE)) AS satisfaccion_promedio,

    (
        SELECT ROUND(
            (
                COUNT(DISTINCT CASE 
                    WHEN co.estado IN ('cancelado', 'inactivo') 
                    THEN co.id_cliente 
                END)::NUMERIC
                /
                NULLIF(COUNT(DISTINCT co.id_cliente), 0)
            ) * 100, 2
        )
        FROM contratos co
    ) AS churn_rate_general;

CREATE OR REPLACE VIEW v_resumen_sedes AS
SELECT
    s.id_sede,
    s.nombre_sede,
    s.ciudad,
    s.provincia,
    s.region,

    (
        SELECT COUNT(DISTINCT co.id_cliente)
        FROM contratos co
        WHERE co.id_sede = s.id_sede
          AND co.estado = 'activo'
    ) AS clientes_activos,

    (
        SELECT COALESCE(SUM(p.monto), 0)
        FROM pagos p
        INNER JOIN contratos co ON co.id_contrato = p.id_contrato
        WHERE co.id_sede = s.id_sede
          AND p.estado = 'pagado'
    ) AS ingresos_totales,

    (
        SELECT COUNT(*)
        FROM incidencias i
        WHERE i.id_sede = s.id_sede
    ) AS total_reclamos,

    (
        SELECT ROUND(AVG(e.puntaje)::NUMERIC, 2)
        FROM encuestas_satisfaccion e
        INNER JOIN contratos co ON co.id_contrato = e.id_contrato
        WHERE co.id_sede = s.id_sede
    ) AS satisfaccion_promedio,

    (
        SELECT ROUND(
            (
                COUNT(DISTINCT CASE 
                    WHEN co.estado IN ('cancelado', 'inactivo') 
                    THEN co.id_cliente 
                END)::NUMERIC
                /
                NULLIF(COUNT(DISTINCT co.id_cliente), 0)
            ) * 100, 2
        )
        FROM contratos co
        WHERE co.id_sede = s.id_sede
    ) AS churn_rate
FROM sedes s;

CREATE OR REPLACE VIEW v_kpis_mensuales AS
SELECT
    EXTRACT(YEAR FROM p.fecha_emision)::INT AS anio,
    EXTRACT(MONTH FROM p.fecha_emision)::INT AS mes,
    COUNT(DISTINCT co.id_cliente) AS clientes_con_pago,
    COALESCE(SUM(CASE WHEN p.estado = 'pagado' THEN p.monto ELSE 0 END), 0) AS ingresos,
    COUNT(CASE WHEN p.estado IN ('pendiente', 'vencido') THEN 1 END) AS pagos_pendientes,
    ROUND(
        COUNT(CASE WHEN p.estado IN ('pendiente', 'vencido') THEN 1 END)::NUMERIC
        / NULLIF(COUNT(p.id_pago), 0) * 100, 2
    ) AS tasa_morosidad
FROM pagos p
INNER JOIN contratos co ON co.id_contrato = p.id_contrato
GROUP BY
    EXTRACT(YEAR FROM p.fecha_emision),
    EXTRACT(MONTH FROM p.fecha_emision);

CREATE OR REPLACE VIEW v_tiempo_resolucion_incidencias AS
SELECT
    i.id_sede,
    s.nombre_sede,
    COUNT(*) AS total_incidencias,
    COUNT(CASE WHEN i.estado IN ('resuelta', 'cerrada') THEN 1 END) AS incidencias_resueltas,
    ROUND(
        AVG(
            EXTRACT(EPOCH FROM (i.fecha_resolucion - i.fecha_reporte)) / 3600
        )::NUMERIC, 2
    ) AS horas_promedio_resolucion
FROM incidencias i
INNER JOIN sedes s ON s.id_sede = i.id_sede
WHERE i.fecha_resolucion IS NOT NULL
GROUP BY i.id_sede, s.nombre_sede;

CREATE OR REPLACE VIEW v_clientes_ml_features AS
SELECT
    c.id_cliente,
    c.dni,
    c.nombres,
    c.apellidos,
    c.estado AS estado_cliente,

    COALESCE(MAX(pl.precio_mensual), 0) AS precio_max_plan,
    COALESCE(MAX(pl.velocidad_mbps), 0) AS velocidad_max_mbps,
    COUNT(DISTINCT co.id_contrato) AS num_contratos,
    COALESCE(SUM(CASE WHEN p.estado = 'pagado' THEN p.monto ELSE 0 END), 0) AS monto_total_pagado,
    COUNT(DISTINCT p.id_pago) AS num_pagos,
    COUNT(DISTINCT CASE WHEN p.estado IN ('pendiente', 'vencido') THEN p.id_pago END) AS pagos_pendientes,
    COUNT(DISTINCT i.id_incidencia) AS num_incidencias,
    COALESCE(ROUND(AVG(e.puntaje)::NUMERIC, 2), 0) AS satisfaccion_promedio,
    COALESCE(c.id_sede, 0) AS sede_codificada,

    CASE
        WHEN EXISTS (
            SELECT 1
            FROM contratos co2
            WHERE co2.id_cliente = c.id_cliente
              AND co2.estado IN ('cancelado', 'inactivo')
        ) THEN 1
        ELSE 0
    END AS churn

FROM clientes c
LEFT JOIN contratos co ON co.id_cliente = c.id_cliente
LEFT JOIN planes pl ON pl.id_plan = co.id_plan
LEFT JOIN pagos p ON p.id_contrato = co.id_contrato
LEFT JOIN incidencias i ON i.id_contrato = co.id_contrato
LEFT JOIN encuestas_satisfaccion e ON e.id_contrato = co.id_contrato
GROUP BY
    c.id_cliente,
    c.dni,
    c.nombres,
    c.apellidos,
    c.estado,
    c.id_sede;

-- =========================================================
-- 8. VISTAS TIPO MODELO DIMENSIONAL BI
-- =========================================================

CREATE OR REPLACE VIEW dim_cliente AS
SELECT
    c.id_cliente,
    CONCAT(c.nombres, ' ', c.apellidos) AS nombre_cliente,
    c.tipo_cliente,
    c.id_sede,
    c.estado AS estado_cliente,
    sk.cluster_kmeans AS segmento_kmeans
FROM clientes c
LEFT JOIN cliente_segmentacion cs ON cs.id_cliente = c.id_cliente
LEFT JOIN segmentos_kmeans sk ON sk.id_segmento = cs.id_segmento;

CREATE OR REPLACE VIEW dim_sede AS
SELECT
    id_sede,
    nombre_sede,
    region,
    provincia,
    ciudad,
    es_expansion
FROM sedes;

CREATE OR REPLACE VIEW dim_plan AS
SELECT
    id_plan,
    nombre_plan,
    velocidad_mbps,
    precio_mensual,
    categoria_comercial,
    tipo_servicio
FROM planes;

CREATE OR REPLACE VIEW fact_contrato AS
SELECT
    co.id_contrato,
    co.id_cliente,
    co.id_plan,
    co.id_sede,
    (EXTRACT(YEAR FROM co.fecha_inicio)::INT * 100 + EXTRACT(MONTH FROM co.fecha_inicio)::INT) AS id_tiempo,
    co.estado AS estado_contrato,
    co.fecha_fin
FROM contratos co;

CREATE OR REPLACE VIEW fact_pago AS
SELECT
    p.id_pago,
    p.id_contrato,
    (EXTRACT(YEAR FROM p.fecha_emision)::INT * 100 + EXTRACT(MONTH FROM p.fecha_emision)::INT) AS id_tiempo,
    p.monto AS monto_pago,
    p.estado AS estado_pago,
    p.fecha_emision,
    p.fecha_pago
FROM pagos p;

-- =========================================================
-- 9. DATOS DE PRUEBA
-- Puedes borrar esta parte si solo quieres la estructura.
-- =========================================================

INSERT INTO roles (nombre_rol, descripcion) VALUES
('administrador', 'Usuario con acceso total al sistema'),
('analista', 'Usuario encargado del análisis de KPIs y reportes'),
('gerente', 'Usuario que consulta dashboard gerencial');

INSERT INTO usuarios (id_rol, nombres, apellidos, usuario, email, password_hash, estado) VALUES
(1, 'Admin', 'CableBI', 'admin', 'admin@cablebi.com', 'hash_password_demo', 'activo');

INSERT INTO sedes (nombre_sede, ciudad, provincia, region, direccion, telefono, es_expansion, estado) VALUES
('San Ramón', 'San Ramón', 'Chanchamayo', 'Junín', 'Av. Principal 123', '064-111111', FALSE, 'activo'),
('La Merced', 'La Merced', 'Chanchamayo', 'Junín', 'Jr. Comercio 456', '064-222222', FALSE, 'activo'),
('Llacta', 'Llacta', 'Huánuco', 'Huánuco', 'Av. Central 789', '062-333333', FALSE, 'activo'),
('Pichanaqui', 'Pichanaqui', 'Chanchamayo', 'Junín', 'Av. Marginal 321', '064-444444', TRUE, 'activo');

INSERT INTO planes (nombre_plan, tipo_servicio, categoria_comercial, velocidad_mbps, precio_mensual, estado) VALUES
('Internet Básico 100 Mbps', 'internet', 'basico', 100, 50.00, 'activo'),
('Internet Estándar 200 Mbps', 'internet', 'estandar', 200, 70.00, 'activo'),
('Combo Plus 300 Mbps', 'combo', 'plus', 300, 90.00, 'activo'),
('Premium 500 Mbps', 'internet', 'premium', 500, 120.00, 'activo'),
('Empresarial 1000 Mbps', 'internet', 'empresarial', 1000, 220.00, 'activo'),
('Corporativo 1500 Mbps', 'internet', 'corporativo', 1500, 350.00, 'activo');

INSERT INTO clientes (id_sede, dni, nombres, apellidos, telefono, email, direccion, tipo_cliente, fecha_registro, estado) VALUES
(1, '70000001', 'Luis', 'Quispe Ramos', '987111111', 'luis.quispe@gmail.com', 'San Ramón', 'natural', '2026-01-10', 'activo'),
(1, '70000002', 'María', 'Huamán Rojas', '987222222', 'maria.huaman@gmail.com', 'San Ramón', 'natural', '2026-02-15', 'activo'),
(2, '70000003', 'Carlos', 'Pérez Soto', '987333333', 'carlos.perez@gmail.com', 'La Merced', 'natural', '2026-03-01', 'activo'),
(2, '70000004', 'Ana', 'Torres Díaz', '987444444', 'ana.torres@gmail.com', 'La Merced', 'natural', '2026-03-20', 'activo'),
(3, '70000005', 'Empresa Soluciones SAC', 'Representante Legal', '987555555', 'contacto@soluciones.com', 'Llacta', 'juridico', '2026-04-05', 'activo'),
(4, '70000006', 'Pedro', 'Salazar Vega', '987666666', 'pedro.salazar@gmail.com', 'Pichanaqui', 'natural', '2026-05-12', 'activo');

INSERT INTO contratos (id_cliente, id_sede, id_plan, fecha_inicio, fecha_fin, estado, observacion) VALUES
(1, 1, 1, '2026-01-10', NULL, 'activo', 'Cliente residencial'),
(2, 1, 2, '2026-02-15', NULL, 'activo', 'Cliente residencial'),
(3, 2, 3, '2026-03-01', NULL, 'activo', 'Combo contratado'),
(4, 2, 1, '2026-03-20', '2026-06-15', 'cancelado', 'Cliente canceló el servicio'),
(5, 3, 5, '2026-04-05', NULL, 'activo', 'Cliente empresarial'),
(6, 4, 2, '2026-05-12', NULL, 'activo', 'Cliente nuevo en sede expansión');

INSERT INTO pagos (id_contrato, fecha_emision, fecha_pago, monto, metodo_pago, referencia, estado) VALUES
(1, '2026-06-01', '2026-06-02', 50.00, 'yape', 'YP001', 'pagado'),
(2, '2026-06-01', '2026-06-03', 70.00, 'transferencia', 'TR001', 'pagado'),
(3, '2026-06-01', '2026-06-04', 90.00, 'efectivo', 'EF001', 'pagado'),
(4, '2026-06-01', NULL, 50.00, NULL, NULL, 'vencido'),
(5, '2026-06-01', '2026-06-05', 220.00, 'transferencia', 'TR002', 'pagado'),
(6, '2026-06-01', NULL, 70.00, NULL, NULL, 'pendiente');

INSERT INTO incidencias (id_cliente, id_contrato, id_sede, fecha_reporte, tipo_incidencia, descripcion, prioridad, estado, fecha_resolucion) VALUES
(1, 1, 1, '2026-06-05 08:30:00', 'internet lento', 'Cliente reporta baja velocidad del servicio.', 'media', 'resuelta', '2026-06-05 15:00:00'),
(3, 3, 2, '2026-06-06 10:00:00', 'sin servicio', 'Cliente indica caída total del servicio.', 'alta', 'resuelta', '2026-06-07 09:00:00'),
(6, 6, 4, '2026-06-10 11:20:00', 'instalacion', 'Demora en instalación del servicio.', 'media', 'en_proceso', NULL);

INSERT INTO encuestas_satisfaccion (id_cliente, id_contrato, fecha_encuesta, puntaje, comentario) VALUES
(1, 1, '2026-06-06', 4, 'Servicio estable después de la atención.'),
(2, 2, '2026-06-07', 5, 'Buena velocidad.'),
(3, 3, '2026-06-08', 3, 'Se resolvió, pero demoró.'),
(5, 5, '2026-06-09', 5, 'Servicio empresarial conforme.');

INSERT INTO segmentos_kmeans (cluster_kmeans, nombre_segmento, descripcion, estrategia_marketing) VALUES
(1, 'Residencial Económico', 'Clientes con planes básicos o estándar y buen historial de pago.', 'Ofrecer promociones económicas y fidelización.'),
(2, 'Residencial Alto Consumo', 'Clientes con mayor velocidad y potencial de upgrade.', 'Campañas de upselling a planes premium.'),
(3, 'Empresarial / Corporativo', 'Clientes con alto ticket promedio.', 'Atención personalizada y visitas comerciales.'),
(4, 'En Riesgo', 'Clientes con pagos pendientes o baja actividad.', 'Aplicar alertas de cobranza preventiva y retención.');

INSERT INTO cliente_segmentacion (id_cliente, id_segmento, observacion) VALUES
(1, 1, 'Cliente residencial económico'),
(2, 2, 'Cliente con potencial de upgrade'),
(3, 2, 'Cliente residencial de alto consumo'),
(4, 4, 'Cliente cancelado o en riesgo'),
(5, 3, 'Cliente empresarial'),
(6, 1, 'Cliente nuevo residencial');

INSERT INTO predicciones_churn (id_cliente, probabilidad_churn, nivel_riesgo, recomendacion) VALUES
(1, 12.50, 'bajo', 'Mantener comunicación comercial básica.'),
(2, 18.00, 'bajo', 'Ofrecer promoción de upgrade.'),
(3, 35.00, 'medio', 'Realizar seguimiento por incidencia reciente.'),
(4, 88.00, 'alto', 'Aplicar estrategia de recuperación del cliente.'),
(5, 8.00, 'bajo', 'Mantener atención prioritaria empresarial.'),
(6, 42.00, 'medio', 'Verificar instalación y satisfacción inicial.');

-- =========================================================
-- 10. CONSULTAS DE PRUEBA
-- =========================================================

SELECT * FROM v_dashboard_general;
SELECT * FROM v_resumen_sedes;
SELECT * FROM v_kpis_mensuales;
SELECT * FROM v_clientes_ml_features;